time_s,dist_W0_W1,dist_W0_W2,dist_W1_W2
0.0491678,0,-1,-1
0.0495481,0,0,0
0.0684783,0.0155844,0,0.0155844
0.0823339,0.0233766,0,0.0233766
0.0962097,0.0207792,0,0.0207792
0.110854,0.025974,0,0.025974
0.125292,0.0337662,0,0.0337662
0.138224,0.0467532,0,0.0467532
0.151213,0.0571429,0,0.0571429
0.163453,0.0649351,0,0.0649351
0.176386,0.0727273,0,0.0727273
0.18773,0.0831169,0,0.0831169
0.19844,0.0935065,0,0.0935065
0.210358,0.106494,0,0.106494
0.222199,0.119481,0,0.119481
0.233376,0.122078,0,0.122078
0.244557,0.135065,0,0.135065
0.261546,0.14026,0,0.14026
0.27263,0.14026,0.0103896,0.132468
0.274872,0.155844,0.0103896,0.148052
0.28604,0.171429,0.0103896,0.163636
0.299485,0.18961,0.0103896,0.181818
0.311805,0.205195,0.0103896,0.197403
0.325361,0.218182,0.0103896,0.21039
0.33735,0.220779,0.0103896,0.212987
0.348787,0.228571,0.0103896,0.220779
0.360529,0.236364,0.0103896,0.228571
0.374185,0.244156,0.0103896,0.236364
0.38644,0.441558,0.332468,0.236364
0.386454,0.449351,0.332468,0.241558
0.398757,0.457143,0.332468,0.246753
0.410698,0.462338,0.332468,0.246753
0.422951,0.47013,0.332468,0.25974
0.434996,0.472727,0.332468,0.262338
0.447914,0.47013,0.332468,0.267532
0.458749,0.47013,0.332468,0.272727
0.463409,0.506494,0.394805,0.272727
0.469418,0.506494,0.394805,0.272727
0.480302,0.501299,0.394805,0.277922
0.483965,0.501299,0.4,0.272727
0.491472,0.501299,0.4,0.277922
0.5022,0.501299,0.4,0.280519
0.513103,0.503896,0.4,0.283117
0.526283,0.498701,0.4,0.280519
0.537932,0.498701,0.4,0.283117
0.542607,0.54026,0.438961,0.283117
0.550003,0.542857,0.438961,0.285714
0.561248,0.54026,0.438961,0.309091
0.573204,0.537662,0.438961,0.322078
0.584876,0.54026,0.438961,0.316883
0.596943,0.542857,0.438961,0.324675
0.59871,0.548052,0.462338,0.324675
0.608943,0.550649,0.462338,0.337662
0.617053,0.566234,0.475325,0.337662
0.621693,0.568831,0.475325,0.332468
0.633798,0.568831,0.475325,0.34026
0.646389,0.571429,0.475325,0.34026
0.657907,0.574026,0.475325,0.345455
0.664958,0.584416,0.498701,0.345455
0.66919,0.587013,0.498701,0.353247
0.680544,0.584416,0.498701,0.355844
0.692168,0.587013,0.498701,0.363636
0.697126,0.587013,0.496104,0.363636
0.702913,0.587013,0.496104,0.371429
0.713681,0.58961,0.496104,0.371429
0.725664,0.592208,0.496104,0.371429
0.73662,0.592208,0.496104,0.371429
0.747907,0.594805,0.496104,0.374026
0.759259,0.602597,0.496104,0.38961
0.769724,0.6,0.496104,0.38961
0.780615,0.607792,0.496104,0.397403
0.791006,0.602597,0.496104,0.402597
0.80153,0.607792,0.496104,0.407792
0.812608,0.612987,0.496104,0.412987
0.814761,0.636364,0.524675,0.412987
0.823136,0.641558,0.524675,0.418182
0.833512,0.638961,0.524675,0.425974
0.84394,0.638961,0.524675,0.431169
0.855017,0.641558,0.524675,0.436364
0.865259,0.641558,0.524675,0.438961
0.867969,0.65974,0.574026,0.438961
0.875723,0.662338,0.574026,0.441558
0.886369,0.67013,0.574026,0.449351
0.897345,0.677922,0.574026,0.45974
0.903807,0.677922,0.574026,0.462338
0.908364,0.672727,0.574026,0.457143
0.925093,0.675325,0.574026,0.464935
0.958738,0.675325,0.574026,0.462338
0.970648,0.675325,0.574026,0.45974
0.979235,0.67013,0.579221,0.45974
0.982588,0.67013,0.579221,0.467532
0.9948,0.672727,0.579221,0.47013
1.0067,0.667532,0.579221,0.472727
1.01788,0.67013,0.579221,0.472727
1.02967,0.67013,0.579221,0.472727
1.04129,0.675325,0.579221,0.475325
1.05315,0.680519,0.579221,0.480519
1.06506,0.680519,0.579221,0.485714
1.0771,0.683117,0.579221,0.488312
1.08918,0.683117,0.579221,0.490909
1.10094,0.683117,0.579221,0.490909
1.11305,0.683117,0.579221,0.488312
1.12954,0.683117,0.579221,0.485714
1.14213,0.675325,0.579221,0.496104
1.14227,0.675325,0.581818,0.493506
1.15405,0.672727,0.581818,0.496104
1.16883,0.672727,0.581818,0.493506
1.18383,0.672727,0.581818,0.493506
1.1962,0.672727,0.581818,0.501299
1.20789,0.672727,0.581818,0.501299
1.21991,0.677922,0.581818,0.501299
1.23207,0.677922,0.581818,0.506494
1.24413,0.677922,0.581818,0.514286
1.25654,0.677922,0.581818,0.514286
1.26816,0.677922,0.581818,0.519481
1.28044,0.675325,0.581818,0.516883
1.29327,0.67013,0.581818,0.519481
1.30508,0.677922,0.581818,0.519481
1.31701,0.677922,0.581818,0.527273
1.33017,0.685714,0.581818,0.527273
1.34253,0.683117,0.581818,0.522078
1.35313,0.683117,0.579221,0.524675
1.37298,0.685714,0.579221,0.522078
1.48872,0.74026,0.662338,0.522078
1.51979,0.742857,0.667532,0.522078
1.56303,0.742857,0.667532,0.516883
1.62309,0.745455,0.667532,0.522078
1.63411,0.742857,0.667532,0.519481
1.64431,0.768831,0.688312,0.519481
1.64462,0.768831,0.688312,0.522078
1.65535,0.771429,0.688312,0.522078
1.66602,0.771429,0.688312,0.524675
1.67673,0.768831,0.688312,0.527273
1.68793,0.774026,0.688312,0.52987
1.69886,0.776623,0.688312,0.535065
1.71008,0.779221,0.688312,0.542857
1.72176,0.781818,0.688312,0.545455
1.73335,0.784416,0.688312,0.550649
1.74484,0.784416,0.688312,0.550649
1.75567,0.781818,0.688312,0.548052
1.76625,0.779221,0.688312,0.548052
1.76686,0.779221,0.696104,0.542857
1.77771,0.784416,0.696104,0.545455
1.7896,0.781818,0.696104,0.550649
1.80032,0.781818,0.696104,0.553247
1.81162,0.779221,0.696104,0.550649
1.82308,0.781818,0.696104,0.550649
1.83455,0.784416,0.696104,0.553247
1.8466,0.781818,0.696104,0.550649
1.85832,0.781818,0.696104,0.553247
1.86979,0.781818,0.696104,0.555844
1.88135,0.781818,0.696104,0.553247
1.89316,0.781818,0.696104,0.553247
1.90449,0.779221,0.696104,0.558442
1.91562,0.776623,0.696104,0.576623
1.92829,0.774026,0.696104,0.576623
1.94014,0.771429,0.696104,0.574026
1.95043,0.774026,0.714286,0.574026
1.95141,0.774026,0.714286,0.571429
1.97316,0.774026,0.711688,0.571429
2.04721,0.766234,0.711688,0.568831
2.07246,0.771429,0.711688,0.568831
2.08435,0.771429,0.711688,0.568831
2.09631,0.776623,0.711688,0.574026
2.1085,0.776623,0.711688,0.574026
2.12077,0.774026,0.711688,0.574026
2.13255,0.781818,0.711688,0.576623
2.17514,0.776623,0.72987,0.576623
2.25253,0.776623,0.732468,0.574026
2.31751,0.771429,0.732468,0.571429
2.33014,0.774026,0.732468,0.574026
2.34198,0.776623,0.732468,0.571429
2.35296,0.781818,0.732468,0.574026
2.3646,0.781818,0.732468,0.576623
2.37492,0.774026,0.735065,0.576623
2.37637,0.774026,0.735065,0.574026
2.38874,0.768831,0.735065,0.571429
2.40084,0.768831,0.735065,0.576623
2.41281,0.768831,0.735065,0.579221
2.42462,0.771429,0.735065,0.574026
2.43634,0.776623,0.735065,0.576623
2.44812,0.771429,0.735065,0.574026
2.45953,0.771429,0.732468,0.571429
2.66561,0.771429,0.732468,0.571429
2.66699,0.781818,0.781818,0.571429
2.76141,0.776623,0.78961,0.571429
2.87567,0.776623,0.78961,0.571429
2.87717,0.781818,0.78961,0.576623
2.88857,0.776623,0.78961,0.581818
2.9003,0.776623,0.78961,0.581818
2.91257,0.781818,0.78961,0.576623
2.91365,0.776623,0.787013,0.576623
2.92414,0.776623,0.787013,0.571429
2.93632,0.774026,0.787013,0.579221
2.93753,0.768831,0.774026,0.579221
2.95217,0.758442,0.771429,0.579221
3.02082,0.758442,0.771429,0.579221
3.03242,0.755844,0.771429,0.581818
3.04419,0.761039,0.771429,0.581818
3.05708,0.761039,0.771429,0.581818
3.06926,0.761039,0.771429,0.581818
3.08796,0.761039,0.771429,0.584416
3.1529,0.750649,0.758442,0.584416
3.18248,0.750649,0.768831,0.584416
3.20704,0.750649,0.771429,0.584416
3.26565,0.776623,0.781818,0.584416
3.28229,0.794805,0.781818,0.618182
3.29382,0.794805,0.781818,0.618182
3.2939,0.797403,0.781818,0.620779
3.30561,0.8,0.781818,0.618182
3.31711,0.797403,0.781818,0.620779
3.32876,0.8,0.781818,0.618182
3.34192,0.8,0.781818,0.620779
3.3536,0.797403,0.781818,0.620779
3.36485,0.8,0.781818,0.620779
3.37637,0.8,0.781818,0.623377
3.38795,0.8,0.781818,0.623377
3.39316,0.825974,0.807792,0.623377
3.40133,0.825974,0.807792,0.628571
3.413,0.823377,0.807792,0.631169
3.42287,0.823377,0.805195,0.631169
3.42462,0.828571,0.805195,0.638961
3.43677,0.825974,0.805195,0.649351
3.4382,0.831169,0.823377,0.649351
3.44853,0.833766,0.823377,0.649351
3.46052,0.831169,0.823377,0.65974
3.47255,0.836364,0.823377,0.654545
3.47718,0.849351,0.820779,0.654545
3.50113,0.849351,0.820779,0.654545
3.51595,0.875325,0.820779,0.851948
3.52537,0.875325,0.820779,0.851948
3.53497,0.875325,0.820779,0.854545
3.53721,0.844156,0.820779,0.854545
3.54515,0.844156,0.820779,0.85974
3.5534,0.846753,0.815584,0.85974
3.55533,0.846753,0.815584,0.862338
3.56238,0.846753,0.820779,0.862338
3.56479,0.844156,0.820779,0.862338
3.57483,0.844156,0.820779,0.857143
3.57859,0.844156,0.828571,0.857143
3.5846,0.846753,0.828571,0.85974
3.61125,0.888312,0.820779,0.85974
3.61891,0.877922,0.823377,0.85974
3.65628,0.880519,0.825974,0.85974
3.70653,0.880519,0.825974,0.85974
3.79668,0.883117,0.825974,0.85974
3.89989,0.862338,0.823377,0.85974
3.91094,0.862338,0.825974,0.85974
3.94573,0.862338,0.833766,0.85974
3.97833,0.862338,0.833766,0.85974
4.03449,0.85974,0.833766,0.857143
4.12075,0.85974,0.831169,0.857143
4.26298,0.849351,0.851948,0.857143
4.3006,0.849351,0.844156,0.857143
4.32532,0.849351,0.846753,0.857143
4.34205,0.854545,0.841558,0.857143
4.37987,0.846753,0.844156,0.857143
4.48317,0.851948,0.836364,0.857143
4.53358,0.851948,0.836364,0.854545
4.63163,0.846753,0.854545,0.854545
4.6557,0.844156,0.846753,0.854545
4.67692,0.844156,0.846753,0.854545
4.73511,0.844156,0.844156,0.854545
4.80229,0.857143,0.836364,0.854545
4.88601,0.864935,0.854545,0.854545
4.925,0.867532,0.864935,0.854545
4.94376,0.867532,0.864935,0.851948
4.97233,0.846753,0.875325,0.851948
4.97976,0.846753,0.875325,0.851948
5.04177,0.836364,0.880519,0.851948
5.05061,0.836364,0.880519,0.851948
6.66027,0.838961,0.867532,0.851948
6.68322,0.825974,0.864935,0.851948
6.78597,0.828571,0.872727,0.851948
6.84224,0.818182,0.864935,0.851948
6.90125,0.815584,0.862338,0.851948
7.02462,0.820779,0.857143,0.851948
7.03301,0.828571,0.857143,0.851948
7.04916,0.831169,0.85974,0.851948
7.0584,0.833766,0.872727,0.851948
7.1645,0.833766,0.872727,0.854545
7.22457,0.818182,0.841558,0.854545
7.28267,0.820779,0.844156,0.854545
7.37132,0.820779,0.844156,0.857143
7.6442,0.820779,0.841558,0.857143
7.71452,0.820779,0.828571,0.857143
7.72233,0.820779,0.823377,0.857143
7.73031,0.823377,0.820779,0.857143
7.73774,0.828571,0.818182,0.857143
7.79312,0.825974,0.823377,0.857143
7.84817,0.825974,0.823377,0.85974
7.95551,0.802597,0.833766,0.85974
7.9862,0.81039,0.836364,0.85974
7.99451,0.807792,0.833766,0.85974
8.04868,0.818182,0.841558,0.85974
8.05217,0.818182,0.841558,0.857143
8.06393,0.807792,0.849351,0.857143
8.07974,0.807792,0.846753,0.857143
8.11121,0.802597,0.841558,0.857143
8.1185,0.794805,0.851948,0.857143
8.25908,0.794805,0.849351,0.857143
8.37018,0.802597,0.846753,0.857143
8.4241,0.812987,0.857143,0.857143
8.43843,0.807792,0.862338,0.857143
8.45412,0.784416,0.864935,0.857143
8.46352,0.784416,0.864935,0.857143
8.49815,0.794805,0.862338,0.857143
8.50679,0.797403,0.857143,0.857143
8.52963,0.779221,0.85974,0.857143
8.56043,0.792208,0.867532,0.857143
8.56837,0.78961,0.864935,0.857143
8.59135,0.805195,0.867532,0.857143
8.59851,0.802597,0.867532,0.857143
8.60577,0.797403,0.867532,0.857143
8.67513,0.797403,0.867532,0.857143
8.70413,0.781818,0.87013,0.857143
8.89289,0.781818,0.87013,0.85974
9.09386,0.820779,0.864935,0.85974
9.10154,0.825974,0.867532,0.85974
9.11138,0.825974,0.87013,0.85974
9.11638,0.820779,0.867532,0.85974
9.16172,0.820779,0.864935,0.85974
9.18445,0.825974,0.862338,0.85974
9.19166,0.828571,0.864935,0.85974
9.22793,0.831169,0.867532,0.85974
9.23483,0.831169,0.867532,0.85974
9.25759,0.825974,0.87013,0.85974
9.26505,0.820779,0.867532,0.85974
9.28198,0.825974,0.867532,0.85974
9.30565,0.828571,0.867532,0.85974
9.31817,0.828571,0.87013,0.85974
9.52868,0.828571,0.87013,0.85974
9.7356,0.828571,0.87013,0.85974
9.94104,0.828571,0.867532,0.857143
10.052,0.828571,0.864935,0.857143
14.4971,0.78961,0.883117,0.857143
14.5391,0.792208,0.875325,0.857143
14.5805,0.787013,0.877922,0.857143
14.6045,0.794805,0.883117,0.857143
16.0435,0.815584,0.883117,0.857143
16.0503,0.818182,0.875325,0.857143
16.0824,0.812987,0.880519,0.857143
16.0909,0.815584,0.872727,0.857143
16.1061,0.818182,0.875325,0.857143
16.1287,0.818182,0.862338,0.849351
16.1298,0.818182,0.877922,0.849351
16.1368,0.81039,0.877922,0.849351
16.1513,0.807792,0.880519,0.849351
16.1595,0.818182,0.893506,0.849351
16.1747,0.818182,0.903896,0.849351
16.1818,0.812987,0.898701,0.849351
16.1896,0.805195,0.888312,0.849351
16.3242,0.779221,0.849351,0.849351
16.3311,0.787013,0.849351,0.849351
16.3407,0.787013,0.849351,0.849351
16.3602,0.787013,0.851948,0.849351
16.3672,0.78961,0.849351,0.849351
16.3742,0.787013,0.846753,0.849351
16.3815,0.787013,0.844156,0.849351
16.3898,0.776623,0.851948,0.849351
16.4056,0.771429,0.851948,0.849351
16.4127,0.776623,0.846753,0.849351
16.4287,0.776623,0.85974,0.849351
16.4441,0.787013,0.851948,0.849351
16.4682,0.78961,0.854545,0.849351
16.5687,0.78961,0.851948,0.844156
16.794,0.78961,0.854545,0.844156
16.8123,0.78961,0.867532,0.844156
16.8196,0.787013,0.867532,0.844156
16.8271,0.787013,0.87013,0.844156
16.8346,0.78961,0.867532,0.844156
16.8793,0.774026,0.867532,0.844156
17.0031,0.774026,0.867532,0.846753
17.2154,0.774026,0.867532,0.846753
17.4238,0.774026,0.867532,0.846753
17.6342,0.774026,0.864935,0.846753
17.8448,0.774026,0.87013,0.849351
18.0548,0.774026,0.87013,0.849351
18.2689,0.774026,0.87013,0.849351
18.485,0.774026,0.87013,0.849351
18.6971,0.774026,0.87013,0.851948
18.8648,0.737662,0.872727,0.851948
18.8801,0.732468,0.877922,0.851948
18.8955,0.724675,0.877922,0.851948
18.9034,0.714286,0.864935,0.851948
18.9087,0.714286,0.864935,0.851948
18.9344,0.722078,0.87013,0.851948
18.9413,0.722078,0.87013,0.851948
19.1245,0.722078,0.87013,0.851948
19.2783,0.74026,0.836364,0.851948
19.2851,0.74026,0.838961,0.851948
19.3075,0.745455,0.844156,0.851948
19.3156,0.742857,0.844156,0.851948
19.3359,0.742857,0.841558,0.851948
19.5463,0.742857,0.836364,0.851948
19.6195,0.753247,0.825974,0.851948
19.6549,0.755844,0.846753,0.851948
19.6628,0.745455,0.846753,0.851948
19.6934,0.74026,0.851948,0.851948
19.7008,0.74026,0.857143,0.851948
19.7078,0.737662,0.854545,0.851948
19.7365,0.745455,0.854545,0.851948
19.7559,0.745455,0.851948,0.862338
19.7659,0.74026,0.849351,0.862338
19.7867,0.742857,0.849351,0.862338
19.8158,0.74026,0.851948,0.862338
19.9669,0.74026,0.851948,0.85974
20.0811,0.74026,0.85974,0.85974
20.0906,0.727273,0.867532,0.85974
21.3996,0.727273,0.867532,0.862338
21.7253,0.727273,0.867532,0.85974
21.7577,0.724675,0.867532,0.851948
22.9859,0.724675,0.854545,0.854545
23.1967,0.724675,0.854545,0.854545
23.4005,0.724675,0.854545,0.851948
23.6076,0.724675,0.857143,0.851948
23.817,0.724675,0.857143,0.851948
24.0275,0.724675,0.854545,0.849351
24.1336,0.766234,0.862338,0.849351
24.141,0.753247,0.85974,0.849351
24.191,0.763636,0.862338,0.849351
24.2188,0.761039,0.862338,0.849351
24.2266,0.753247,0.85974,0.849351
24.2431,0.753247,0.854545,0.854545
24.4554,0.753247,0.857143,0.857143
24.5214,0.722078,0.836364,0.857143
24.5292,0.727273,0.833766,0.857143
24.5446,0.735065,0.833766,0.857143
24.5528,0.727273,0.828571,0.857143
24.5678,0.732468,0.831169,0.857143
24.5831,0.72987,0.825974,0.857143
24.6325,0.719481,0.841558,0.857143
24.6611,0.714286,0.838961,0.857143
24.666,0.714286,0.838961,0.857143
24.8848,0.714286,0.838961,0.857143
25.0545,0.714286,0.841558,0.857143
25.1923,0.703896,0.844156,0.857143
25.3005,0.703896,0.844156,0.85974
25.429,0.709091,0.831169,0.85974
25.4426,0.706494,0.818182,0.85974
25.4517,0.706494,0.815584,0.85974
25.4587,0.714286,0.820779,0.85974
25.4812,0.706494,0.825974,0.85974
25.5161,0.706494,0.825974,0.85974
25.73,0.706494,0.823377,0.85974
25.7309,0.709091,0.833766,0.85974
25.8763,0.701299,0.849351,0.85974
25.9014,0.711688,0.849351,0.85974
25.941,0.711688,0.846753,0.857143
26.1543,0.711688,0.846753,0.857143
26.3655,0.711688,0.846753,0.854545
26.5779,0.711688,0.846753,0.854545
26.6677,0.716883,0.846753,0.854545
26.7944,0.716883,0.846753,0.851948
27.0976,0.716883,0.844156,0.851948
27.3103,0.716883,0.844156,0.854545
27.5303,0.716883,0.849351,0.862338
27.7395,0.716883,0.849351,0.85974
27.9497,0.716883,0.844156,0.862338
28.1636,0.716883,0.844156,0.85974
28.3741,0.716883,0.844156,0.85974
28.584,0.716883,0.844156,0.85974
28.7989,0.716883,0.846753,0.85974
29.0188,0.716883,0.846753,0.857143
29.234,0.716883,0.846753,0.857143
29.4437,0.716883,0.846753,0.857143
29.6603,0.716883,0.844156,0.851948
29.8727,0.716883,0.846753,0.851948
30.0577,0.716883,0.844156,0.851948
30.2779,0.716883,0.844156,0.851948
30.4993,0.716883,0.844156,0.851948
30.7112,0.716883,0.846753,0.846753
30.9226,0.716883,0.846753,0.846753
31.1367,0.716883,0.846753,0.846753
31.3491,0.716883,0.844156,0.844156
31.5623,0.716883,0.846753,0.846753
31.7732,0.716883,0.846753,0.846753
31.9018,0.716883,0.846753,0.846753
31.9812,0.716883,0.846753,0.846753
32.1941,0.716883,0.851948,0.846753
32.4052,0.716883,0.851948,0.846753
32.6408,0.716883,0.851948,0.846753
32.6914,0.716883,0.851948,0.846753
32.9002,0.716883,0.851948,0.844156
33.1093,0.716883,0.851948,0.841558
33.318,0.716883,0.851948,0.838961
33.527,0.716883,0.849351,0.838961
33.6736,0.719481,0.849351,0.836364
33.6826,0.716883,0.849351,0.836364
33.7381,0.716883,0.851948,0.836364
33.9487,0.716883,0.854545,0.838961
34.1658,0.716883,0.854545,0.836364
34.3752,0.716883,0.851948,0.833766
34.5853,0.716883,0.851948,0.836364
34.7995,0.716883,0.851948,0.833766
35.0099,0.716883,0.851948,0.836364
35.0593,0.716883,0.851948,0.836364
35.2747,0.716883,0.846753,0.838961
35.4924,0.716883,0.849351,0.836364
35.7079,0.716883,0.846753,0.833766
35.8424,0.716883,0.846753,0.831169
35.9207,0.716883,0.846753,0.828571
35.9618,0.716883,0.846753,0.831169
36.1288,0.716883,0.846753,0.831169
36.294,0.742857,0.820779,0.831169
36.3363,0.742857,0.820779,0.831169
36.3586,0.719481,0.836364,0.831169
36.4015,0.724675,0.841558,0.831169
36.4154,0.719481,0.833766,0.831169
36.465,0.722078,0.831169,0.831169
36.4718,0.727273,0.831169,0.831169
36.5466,0.727273,0.836364,0.836364
36.7548,0.727273,0.836364,0.836364
36.772,0.732468,0.854545,0.836364
36.7854,0.727273,0.854545,0.836364
36.7937,0.732468,0.857143,0.836364
36.965,0.732468,0.857143,0.836364
37.0508,0.727273,0.849351,0.836364
37.0576,0.722078,0.841558,0.836364
37.1641,0.748052,0.833766,0.836364
37.1711,0.748052,0.831169,0.836364
37.177,0.748052,0.831169,0.831169
37.3873,0.748052,0.825974,0.831169
37.596,0.748052,0.825974,0.828571
37.8743,0.748052,0.825974,0.828571
38.0823,0.748052,0.825974,0.831169
38.2941,0.748052,0.825974,0.833766
38.501,0.748052,0.820779,0.836364
38.7143,0.748052,0.818182,0.836364
38.9256,0.748052,0.815584,0.838961
39.1422,0.748052,0.812987,0.838961
39.3488,0.748052,0.815584,0.838961
39.5581,0.748052,0.815584,0.838961
39.7676,0.748052,0.815584,0.836364
39.9777,0.748052,0.807792,0.825974
40.06,0.748052,0.807792,0.825974
40.1257,0.735065,0.805195,0.825974
40.2357,0.724675,0.807792,0.825974
40.2429,0.722078,0.81039,0.825974
40.2786,0.711688,0.812987,0.825974
40.8634,0.716883,0.828571,0.825974
40.9166,0.727273,0.823377,0.825974
40.9248,0.719481,0.820779,0.825974
41.2073,0.719481,0.844156,0.825974
41.2466,0.719481,0.844156,0.825974
41.2618,0.716883,0.844156,0.825974
41.3304,0.716883,0.846753,0.828571
41.5368,0.716883,0.846753,0.825974
41.7452,0.716883,0.846753,0.828571
41.9534,0.716883,0.846753,0.828571
41.9906,0.719481,0.846753,0.828571
41.9996,0.719481,0.846753,0.825974
42.0224,0.719481,0.846753,0.831169
42.1633,0.719481,0.846753,0.831169
42.4321,0.719481,0.844156,0.828571
42.6379,0.719481,0.846753,0.828571
42.8444,0.719481,0.846753,0.828571
42.9885,0.722078,0.802597,0.828571
42.996,0.724675,0.802597,0.828571
43.0515,0.724675,0.802597,0.828571
43.2583,0.724675,0.802597,0.828571
43.3027,0.703896,0.833766,0.828571
43.3183,0.701299,0.831169,0.828571
43.3255,0.701299,0.831169,0.828571
43.3343,0.706494,0.831169,0.828571
43.3512,0.706494,0.831169,0.828571
43.3799,0.709091,0.831169,0.828571
43.4315,0.703896,0.828571,0.828571
43.4636,0.703896,0.828571,0.828571
43.6678,0.703896,0.828571,0.828571
43.8186,0.724675,0.844156,0.828571
43.8438,0.719481,0.841558,0.828571
43.8509,0.716883,0.841558,0.828571
43.8733,0.716883,0.838961,0.831169
43.9993,0.711688,0.836364,0.831169
44.0191,0.714286,0.836364,0.828571
44.09,0.714286,0.836364,0.828571
44.1092,0.714286,0.836364,0.831169
44.3037,0.714286,0.838961,0.831169
44.3294,0.67013,0.838961,0.815584
44.5171,0.67013,0.838961,0.815584
44.7258,0.67013,0.838961,0.815584
44.9337,0.67013,0.838961,0.815584
45.0605,0.67013,0.831169,0.812987
45.1437,0.672727,0.828571,0.812987
45.1601,0.664935,0.831169,0.812987
45.2388,0.662338,0.833766,0.812987
45.2781,0.662338,0.833766,0.81039
45.4947,0.662338,0.833766,0.807792
45.6999,0.662338,0.831169,0.805195
45.9035,0.662338,0.833766,0.807792
46.1059,0.662338,0.828571,0.81039
46.3135,0.662338,0.828571,0.81039
46.5198,0.662338,0.828571,0.81039
46.551,0.680519,0.828571,0.812987
46.5617,0.680519,0.828571,0.815584
46.5725,0.683117,0.828571,0.818182
46.5987,0.683117,0.828571,0.820779
46.6157,0.677922,0.828571,0.820779
46.6259,0.672727,0.828571,0.812987
46.6521,0.672727,0.828571,0.815584
46.7291,0.672727,0.828571,0.815584
46.76,0.675325,0.828571,0.838961
46.9105,0.677922,0.828571,0.841558
46.9362,0.677922,0.828571,0.844156
47.1454,0.677922,0.828571,0.844156
47.3521,0.677922,0.825974,0.846753
47.564,0.677922,0.823377,0.849351
47.773,0.677922,0.820779,0.846753
47.988,0.677922,0.818182,0.844156
48.2035,0.677922,0.815584,0.844156
48.4164,0.677922,0.818182,0.844156
48.6057,0.677922,0.818182,0.844156
48.6296,0.677922,0.820779,0.844156
48.8395,0.677922,0.823377,0.844156
49.0523,0.677922,0.825974,0.841558
49.2647,0.677922,0.825974,0.841558
49.4742,0.677922,0.825974,0.838961
49.6846,0.677922,0.828571,0.836364
49.893,0.677922,0.828571,0.833766
50.0613,0.677922,0.831169,0.831169
50.7153,0.677922,0.833766,0.833766
50.9266,0.677922,0.833766,0.831169
51.1401,0.677922,0.833766,0.831169
51.3488,0.677922,0.836364,0.831169
51.5584,0.677922,0.844156,0.828571
51.7412,0.675325,0.844156,0.823377
51.7679,0.675325,0.844156,0.828571
51.9763,0.675325,0.844156,0.828571
52.1449,0.683117,0.844156,0.823377
52.1555,0.680519,0.844156,0.825974
52.1892,0.680519,0.844156,0.823377
52.3979,0.680519,0.844156,0.820779
52.6069,0.680519,0.844156,0.815584
52.817,0.680519,0.841558,0.818182
53.0284,0.680519,0.841558,0.818182
53.2389,0.680519,0.838961,0.815584
53.4487,0.680519,0.838961,0.820779
53.6583,0.680519,0.838961,0.818182
53.8175,0.683117,0.838961,0.818182
53.8278,0.690909,0.838961,0.818182
53.8376,0.693506,0.838961,0.812987
53.8494,0.696104,0.838961,0.815584
53.8768,0.696104,0.841558,0.818182
54.0106,0.701299,0.841558,0.823377
54.0856,0.701299,0.841558,0.823377
54.2972,0.701299,0.841558,0.823377
54.5068,0.701299,0.844156,0.825974
54.7178,0.701299,0.844156,0.825974
54.7931,0.703896,0.844156,0.823377
54.9287,0.703896,0.844156,0.820779
55.0619,0.703896,0.841558,0.818182
55.21,0.711688,0.838961,0.818182
55.2779,0.711688,0.841558,0.820779
55.4915,0.711688,0.838961,0.820779
55.7001,0.711688,0.838961,0.823377
55.9104,0.711688,0.838961,0.823377
56.1179,0.711688,0.836364,0.823377
56.3278,0.711688,0.836364,0.825974
56.8112,0.711688,0.833766,0.823377
57.8616,0.711688,0.833766,0.820779
58.0676,0.711688,0.836364,0.823377
58.2761,0.711688,0.836364,0.823377
58.4809,0.711688,0.836364,0.820779
58.6935,0.711688,0.836364,0.823377
58.905,0.711688,0.836364,0.823377
59.0503,0.714286,0.836364,0.820779
59.1155,0.714286,0.836364,0.820779
59.3449,0.714286,0.836364,0.823377
59.5646,0.714286,0.833766,0.823377
59.774,0.714286,0.836364,0.823377
59.9799,0.714286,0.836364,0.823377
60.1882,0.714286,0.833766,0.823377
60.3948,0.714286,0.831169,0.820779
60.6048,0.714286,0.831169,0.818182
60.6149,0.711688,0.831169,0.820779
60.7977,0.244156,0.831169,0.841558
60.8077,0.231169,0.831169,0.844156
60.8116,0.231169,0.833766,0.846753
60.9929,0.236364,0.833766,0.846753
61.0196,0.236364,0.833766,0.846753
61.0549,0.244156,0.833766,0.846753
61.227,0.244156,0.833766,0.846753
61.5329,0.244156,0.838961,0.851948
61.7475,0.244156,0.836364,0.849351
61.9639,0.244156,0.836364,0.849351
62.1822,0.244156,0.836364,0.849351
62.2286,0.244156,0.836364,0.851948
62.451,0.244156,0.833766,0.846753
62.6593,0.244156,0.833766,0.846753
62.8666,0.244156,0.831169,0.846753
63.1353,0.244156,0.831169,0.846753
63.3622,0.244156,0.831169,0.846753
63.5696,0.244156,0.833766,0.849351
63.7789,0.244156,0.836364,0.851948
63.8425,0.236364,0.836364,0.851948
63.9881,0.236364,0.836364,0.851948
64.1939,0.236364,0.836364,0.851948
64.3298,0.241558,0.836364,0.849351
64.3406,0.254545,0.836364,0.846753
64.3507,0.246753,0.836364,0.849351
64.3606,0.251948,0.836364,0.851948
64.4006,0.251948,0.833766,0.849351
64.4967,0.25974,0.833766,0.849351
64.5828,0.251948,0.833766,0.849351
64.61,0.251948,0.833766,0.849351
64.7321,0.267532,0.833766,0.849351
64.7431,0.324675,0.833766,0.857143
64.8158,0.324675,0.836364,0.85974
65.0197,0.324675,0.833766,0.857143
65.2254,0.324675,0.833766,0.85974
65.437,0.324675,0.833766,0.85974
65.64,0.324675,0.833766,0.857143
65.8452,0.324675,0.833766,0.857143
66.0511,0.324675,0.836364,0.85974
66.1712,0.322078,0.836364,0.85974
66.216,0.32987,0.836364,0.851948
66.2614,0.32987,0.831169,0.849351
66.3397,0.335065,0.831169,0.846753
66.3495,0.337662,0.831169,0.849351
66.4713,0.337662,0.831169,0.849351
66.7616,0.337662,0.831169,0.849351
66.9673,0.337662,0.836364,0.854545
67.1724,0.337662,0.836364,0.854545
72.6585,0.337662,0.838961,0.854545
73.2894,0.345455,0.838961,0.857143
73.3146,0.345455,0.849351,0.831169
73.5227,0.345455,0.846753,0.831169
73.732,0.345455,0.846753,0.831169
73.9375,0.345455,0.846753,0.831169
74.1499,0.345455,0.846753,0.831169
74.3665,0.345455,0.849351,0.833766
74.5741,0.345455,0.849351,0.833766
74.7837,0.345455,0.854545,0.828571
74.9934,0.345455,0.851948,0.828571
75.1961,0.337662,0.854545,0.828571
75.2089,0.337662,0.854545,0.828571
75.3121,0.348052,0.833766,0.828571
75.3462,0.342857,0.831169,0.828571
75.3532,0.353247,0.833766,0.828571
75.3841,0.34026,0.833766,0.828571
75.425,0.34026,0.828571,0.825974
75.5556,0.348052,0.828571,0.831169
75.6328,0.348052,0.828571,0.831169
75.8407,0.348052,0.825974,0.828571
76.0486,0.348052,0.823377,0.828571
76.2592,0.348052,0.825974,0.831169
76.4703,0.348052,0.825974,0.833766
76.671,0.350649,0.825974,0.831169
76.6835,0.350649,0.825974,0.833766
76.9199,0.350649,0.828571,0.836364
77.1306,0.350649,0.825974,0.833766
77.3423,0.350649,0.823377,0.831169
77.5509,0.350649,0.823377,0.831169
77.7591,0.350649,0.825974,0.831169
77.9685,0.350649,0.825974,0.831169
78.0977,0.350649,0.831169,0.836364
78.3124,0.350649,0.833766,0.833766
78.5194,0.350649,0.836364,0.833766
78.7283,0.350649,0.836364,0.831169
78.9366,0.350649,0.836364,0.831169
79.1429,0.350649,0.836364,0.831169
79.3674,0.350649,0.836364,0.831169
79.5776,0.350649,0.838961,0.833766
79.7874,0.350649,0.841558,0.838961
79.9958,0.350649,0.838961,0.836364
80.0104,0.337662,0.838961,0.833766
80.2058,0.337662,0.836364,0.831169
80.415,0.337662,0.838961,0.833766
80.6245,0.337662,0.833766,0.828571
80.8317,0.337662,0.833766,0.823377
81.1085,0.337662,0.833766,0.823377
81.3182,0.337662,0.836364,0.823377
81.5251,0.337662,0.833766,0.823377
81.7347,0.337662,0.833766,0.828571
81.9414,0.337662,0.831169,0.828571
82.1527,0.337662,0.831169,0.831169
82.3616,0.337662,0.833766,0.831169
82.5699,0.337662,0.836364,0.823377
82.7791,0.337662,0.833766,0.823377
82.9874,0.337662,0.836364,0.825974
83.0993,0.337662,0.836364,0.825974
83.3118,0.337662,0.833766,0.823377
83.5184,0.337662,0.833766,0.823377
83.7303,0.337662,0.831169,0.820779
83.9401,0.337662,0.828571,0.818182
84.1477,0.337662,0.833766,0.823377
84.3577,0.337662,0.833766,0.823377
84.5679,0.337662,0.833766,0.823377
84.7778,0.337662,0.833766,0.820779
84.9838,0.337662,0.833766,0.820779
85.1953,0.337662,0.836364,0.825974
85.2297,0.327273,0.844156,0.825974
85.2644,0.332468,0.841558,0.825974
85.4807,0.332468,0.841558,0.825974
85.7697,0.332468,0.844156,0.828571
86.0348,0.332468,0.841558,0.825974
86.2834,0.332468,0.841558,0.828571
86.7117,0.332468,0.841558,0.828571
86.796,0.47013,0.825974,0.828571
86.8079,0.464935,0.825974,0.828571
86.8596,0.464935,0.825974,0.828571
86.9103,0.483117,0.81039,0.828571
86.9172,0.501299,0.8,0.828571
86.9241,0.506494,0.797403,0.828571
86.9531,0.493506,0.802597,0.828571
86.9714,0.493506,0.8,0.828571
87.18,0.493506,0.802597,0.828571
87.3961,0.493506,0.802597,0.831169
87.6139,0.493506,0.802597,0.831169
87.8242,0.493506,0.805195,0.825974
87.8607,0.503896,0.805195,0.828571
88.0363,0.503896,0.807792,0.831169
88.101,0.503896,0.807792,0.833766
88.7306,0.503896,0.812987,0.836364
88.9431,0.503896,0.815584,0.838961
89.1523,0.503896,0.815584,0.838961
89.3788,0.503896,0.815584,0.838961
89.59,0.503896,0.815584,0.838961
89.7969,0.503896,0.815584,0.838961
90.0043,0.509091,0.815584,0.838961
90.0065,0.509091,0.81039,0.838961
90.2174,0.509091,0.812987,0.838961
90.4386,0.509091,0.812987,0.841558
90.4978,0.511688,0.812987,0.846753
90.6489,0.511688,0.812987,0.844156
90.8316,0.511688,0.812987,0.841558
90.8569,0.511688,0.812987,0.841558
91.134,0.511688,0.81039,0.841558
91.341,0.511688,0.807792,0.838961
91.5465,0.511688,0.807792,0.838961
91.7516,0.511688,0.805195,0.836364
91.9607,0.511688,0.805195,0.836364
92.1657,0.511688,0.807792,0.838961
92.3794,0.511688,0.807792,0.838961
92.586,0.511688,0.807792,0.838961
92.7947,0.511688,0.81039,0.836364
92.9997,0.511688,0.81039,0.836364
93.1024,0.511688,0.81039,0.836364
98.1687,0.511688,0.81039,0.841558
98.3359,0.511688,0.81039,0.844156
98.542,0.511688,0.81039,0.846753
98.593,0.516883,0.81039,0.841558
98.7537,0.516883,0.81039,0.838961
98.9628,0.516883,0.81039,0.838961
99.1719,0.516883,0.81039,0.836364
99.483,0.516883,0.81039,0.836364
99.6915,0.516883,0.81039,0.836364
99.8998,0.516883,0.81039,0.836364
100.107,0.516883,0.81039,0.836364
100.315,0.516883,0.807792,0.838961
100.388,0.511688,0.818182,0.838961
100.396,0.509091,0.823377,0.838961
100.403,0.498701,0.828571,0.838961
100.531,0.498701,0.825974,0.836364
100.743,0.498701,0.831169,0.836364
100.95,0.498701,0.831169,0.836364
101.16,0.498701,0.831169,0.836364
101.369,0.498701,0.831169,0.836364
101.574,0.498701,0.831169,0.836364
101.576,0.511688,0.831169,0.838961
101.778,0.511688,0.831169,0.841558
101.983,0.511688,0.831169,0.838961
102.187,0.511688,0.831169,0.844156
102.437,0.511688,0.831169,0.838961
102.68,0.511688,0.825974,0.838961
102.887,0.511688,0.825974,0.838961
103.098,0.511688,0.820779,0.833766
103.107,0.511688,0.820779,0.833766
103.435,0.509091,0.820779,0.836364
104.669,0.506494,0.820779,0.828571
105.261,0.527273,0.818182,0.828571
107.25,0.527273,0.807792,0.818182
107.459,0.527273,0.81039,0.820779
107.665,0.527273,0.81039,0.820779
107.872,0.527273,0.81039,0.823377
108.077,0.527273,0.81039,0.823377
108.107,0.527273,0.81039,0.823377
108.384,0.527273,0.81039,0.823377
108.587,0.527273,0.815584,0.825974
108.793,0.527273,0.820779,0.831169
109,0.527273,0.820779,0.831169
109.207,0.527273,0.820779,0.831169
109.415,0.527273,0.820779,0.831169
109.622,0.527273,0.820779,0.828571
109.827,0.527273,0.823377,0.828571
110.033,0.527273,0.823377,0.836364
110.165,0.524675,0.823377,0.836364
110.236,0.524675,0.820779,0.833766
110.446,0.524675,0.823377,0.831169
110.653,0.524675,0.820779,0.825974
110.856,0.524675,0.820779,0.825974
111.063,0.524675,0.820779,0.825974
111.269,0.524675,0.823377,0.828571
111.481,0.524675,0.823377,0.828571
111.685,0.524675,0.823377,0.828571
111.891,0.524675,0.823377,0.828571
112.097,0.524675,0.823377,0.828571
112.302,0.524675,0.823377,0.828571
112.509,0.524675,0.818182,0.823377
112.717,0.524675,0.823377,0.823377
112.92,0.524675,0.823377,0.823377
113.109,0.524675,0.820779,0.825974
113.321,0.524675,0.820779,0.825974
113.525,0.524675,0.818182,0.825974
113.729,0.524675,0.820779,0.823377
113.931,0.524675,0.818182,0.825974
114.133,0.524675,0.820779,0.828571
114.333,0.524675,0.823377,0.825974
114.536,0.524675,0.828571,0.823377
114.82,0.524675,0.828571,0.823377
115.022,0.524675,0.828571,0.820779
115.231,0.524675,0.828571,0.825974
115.435,0.524675,0.831169,0.825974
115.846,0.524675,0.831169,0.825974
116.861,0.524675,0.823377,0.833766
116.922,0.514286,0.823377,0.831169
117.061,0.514286,0.825974,0.831169
117.262,0.514286,0.825974,0.831169
117.462,0.514286,0.825974,0.831169
117.66,0.514286,0.831169,0.831169
117.861,0.514286,0.828571,0.828571
118.065,0.514286,0.831169,0.828571
118.267,0.514286,0.828571,0.831169
118.467,0.514286,0.831169,0.833766
120.712,0.0181818,0.831169,0.831169
120.943,0.0233766,0.831169,0.833766
121.016,0.0155844,0.831169,0.833766
121.643,0.0337662,0.831169,0.833766
122.009,0.0415584,0.831169,0.833766
123.756,0.0493506,0.831169,0.833766
124.773,0.0519481,0.831169,0.831169
124.957,0.0831169,0.831169,0.828571
125.199,0.0909091,0.833766,0.828571
126.43,0.0831169,0.833766,0.828571
128.408,0.0831169,0.823377,0.818182
128.611,0.0831169,0.823377,0.818182
128.814,0.0831169,0.818182,0.812987
129.02,0.0831169,0.818182,0.812987
129.035,0.0935065,0.818182,0.81039
129.222,0.0935065,0.823377,0.815584
129.39,0.142857,0.823377,0.820779
129.425,0.142857,0.820779,0.818182
129.625,0.142857,0.815584,0.812987
129.827,0.142857,0.815584,0.812987
130.031,0.142857,0.812987,0.812987
130.234,0.142857,0.812987,0.805195
130.695,0.142857,0.812987,0.807792
130.946,0.142857,0.812987,0.807792
131.148,0.142857,0.81039,0.805195
131.355,0.142857,0.81039,0.805195
131.628,0.155844,0.81039,0.805195
132.219,0.155844,0.262338,0.32987
132.393,0.155844,0.27013,0.322078
132.567,0.155844,0.275325,0.327273
132.742,0.155844,0.272727,0.324675
135.208,0.163636,0.280519,0.324675
135.235,0.181818,0.285714,0.324675
135.262,0.179221,0.296104,0.324675
135.311,0.181818,0.306494,0.324675
136.867,0.202597,0.306494,0.342857
138.706,0.202597,0.306494,0.335065
140.108,0.202597,0.301299,0.327273
140.506,0.207792,0.301299,0.332468
141.216,0.212987,0.301299,0.32987
143.781,0.212987,0.316883,0.353247
145.184,0.225974,0.316883,0.368831
145.305,0.233766,0.324675,0.368831
145.328,0.238961,0.32987,0.368831
149.438,0.238961,0.32987,0.371429
151.591,0.251948,0.32987,0.384416
155.382,0.262338,0.327273,0.384416
155.416,0.277922,0.342857,0.384416
157.489,0.277922,0.32987,0.381818
170.365,0.322078,0.371429,0.381818
193.465,0.322078,0.363636,0.381818
205.501,0.319481,0.376623,0.381818
210.859,0.319481,0.0311688,0.327273
211.032,0.319481,0.0233766,0.324675
213.783,0.303896,0.0233766,0.309091
224.776,0.309091,0.0233766,0.314286
234.321,0.309091,0.301299,0.0675325
235.289,0.290909,0.283117,0.0675325
235.319,0.290909,0.283117,0.0675325
235.334,0.298701,0.277922,0.0675325
245.363,0.301299,0.280519,0.0675325
255.31,0.288312,0.293506,0.0675325
255.323,0.309091,0.314286,0.0675325
255.386,0.311688,0.316883,0.0675325
282.811,0.311688,0.316883,0.0805195
